CONSERVATION SECTION				
Region	Conserved Sequence			
A5 Fixed	CCAGGGTTTTCCCAGTCACGAC			
A3 Fixed	GACTCCCAAATCAATGTGC			
B5 Fixed	CCAGGGTTTTCCCAGTCACGAC			
B3 Fixed	GGTCTCCTTGTTTGAGCCATC			
				
BARCODING SECTION				
Well	Chain	Barcodes		
1		atgtc	gttca	taagc
2		atgtc	gttca	tgcac
3		atgtc	gttca	ctcag
4		atgtc	gttca	ggaat
5		atgtc	gttca	cgagg
6		atgtc	gttca	aggag
7		atgtc	gttca	tgttg
8		atgtc	gttca	caact
9		atgtc	cagga	taagc
10		atgtc	cagga	tgcac
11		atgtc	cagga	ctcag
12		atgtc	cagga	ggaat
13		atgtc	cagga	cgagg
14		atgtc	cagga	aggag
15		atgtc	cagga	tgttg
16		atgtc	cagga	caact
17		atgtc	ttata	taagc
18		atgtc	ttata	tgcac
19		atgtc	ttata	ctcag
20		atgtc	ttata	ggaat
21		atgtc	ttata	cgagg
22		atgtc	ttata	aggag
23		atgtc	ttata	tgttg
24		atgtc	ttata	caact
25		atgtc	cctgt	taagc
26		atgtc	cctgt	tgcac
27		atgtc	cctgt	ctcag
28		atgtc	cctgt	ggaat
29		atgtc	cctgt	cgagg
30		atgtc	cctgt	aggag
31		atgtc	cctgt	tgttg
32		atgtc	cctgt	caact
33		atgtc	accgc	taagc
34		atgtc	accgc	tgcac
35		atgtc	accgc	ctcag
36		atgtc	accgc	ggaat
37		atgtc	accgc	cgagg
38		atgtc	accgc	aggag
39		atgtc	accgc	tgttg
40		atgtc	accgc	caact
41		atgtc	actta	taagc
42		atgtc	actta	tgcac
43		atgtc	actta	ctcag
44		atgtc	actta	ggaat
45		atgtc	actta	cgagg
46		atgtc	actta	aggag
47		atgtc	actta	tgttg
48		atgtc	actta	caact
49		atgtc	gctag	taagc
50		atgtc	gctag	tgcac
51		atgtc	gctag	ctcag
52		atgtc	gctag	ggaat
53		atgtc	gctag	cgagg
54		atgtc	gctag	aggag
55		atgtc	gctag	tgttg
56		atgtc	gctag	caact
57		atgtc	gacgt	taagc
58		atgtc	gacgt	tgcac
59		atgtc	gacgt	ctcag
60		atgtc	gacgt	ggaat
61		atgtc	gacgt	cgagg
62		atgtc	gacgt	aggag
63		atgtc	gacgt	tgttg
64		atgtc	gacgt	caact
65		atgtc	ggcta	taagc
66		atgtc	ggcta	tgcac
67		atgtc	ggcta	ctcag
68		atgtc	ggcta	ggaat
69		atgtc	ggcta	cgagg
70		atgtc	ggcta	aggag
71		atgtc	ggcta	tgttg
72		atgtc	ggcta	caact
73		atgtc	gaatg	taagc
74		atgtc	gaatg	tgcac
75		atgtc	gaatg	ctcag
76		atgtc	gaatg	ggaat
77		atgtc	gaatg	cgagg
78		atgtc	gaatg	aggag
79		atgtc	gaatg	tgttg
80		atgtc	gaatg	caact
81		atgtc	ccaac	taagc
82		atgtc	ccaac	tgcac
83		atgtc	ccaac	ctcag
84		atgtc	ccaac	ggaat
85		atgtc	ccaac	cgagg
86		atgtc	ccaac	aggag
87		atgtc	ccaac	tgttg
88		atgtc	ccaac	caact
89		atgtc	gagac	taagc
90		atgtc	gagac	tgcac
91		atgtc	gagac	ctcag
92		atgtc	gagac	ggaat
93		atgtc	gagac	cgagg
94		atgtc	gagac	aggag
95		atgtc	gagac	tgttg
96		atgtc	gagac	caact
